[{"id":2444707138,"title":"Blog Template","order":1,"templateKey":"blog","customTemplate":false,"customTemplateFilename":null,"pageLinks":[],"dateCreated":"2024-03-01T08:00:05.043Z","dateUpdated":"2024-03-01T08:00:08.004Z","folderId":null,"pageName":"Blog Template","serverPageId":null,"sectionCount":1,"status":2,"backwardUrl":null},{"id":826203051,"title":"Post Template","order":2,"templateKey":"post","customTemplate":false,"customTemplateFilename":null,"pageLinks":[],"dateCreated":"2024-03-01T08:00:05.443Z","dateUpdated":"2024-03-01T08:00:08.005Z","folderId":null,"pageName":"Post Template","serverPageId":null,"sectionCount":1,"status":2,"backwardUrl":null},{"id":258715270,"title":"Product List Template","order":3,"templateKey":"products","customTemplate":false,"customTemplateFilename":null,"pageLinks":[],"dateCreated":"2024-03-01T08:00:05.759Z","dateUpdated":"2024-03-01T08:00:08.005Z","folderId":null,"pageName":"Product List Template","serverPageId":null,"sectionCount":1,"status":2,"backwardUrl":null},{"id":62597398,"title":"Product Details Template","order":4,"templateKey":"product","customTemplate":false,"customTemplateFilename":null,"pageLinks":[],"dateCreated":"2024-03-01T08:00:06.076Z","dateUpdated":"2024-03-01T08:00:08.006Z","folderId":null,"pageName":"Product Details Template","serverPageId":null,"sectionCount":1,"status":2,"backwardUrl":null},{"id":204928598,"title":"Shopping Cart Template","order":5,"templateKey":"cart","customTemplate":false,"customTemplateFilename":null,"pageLinks":[],"dateCreated":"2024-03-01T08:00:06.356Z","dateUpdated":"2024-03-01T08:00:08.006Z","folderId":null,"pageName":"Shopping Cart Template","serverPageId":null,"sectionCount":1,"status":2,"backwardUrl":null},{"id":62534906,"title":"Checkout Template","order":6,"templateKey":"checkout","customTemplate":false,"customTemplateFilename":null,"pageLinks":[],"dateCreated":"2024-03-01T08:00:06.696Z","dateUpdated":"2024-03-01T08:00:08.007Z","folderId":null,"pageName":"Checkout Template","serverPageId":null,"sectionCount":1,"status":2,"backwardUrl":null},{"id":28866753,"title":"Login Template","order":7,"templateKey":"login","customTemplate":false,"customTemplateFilename":null,"pageLinks":[],"dateCreated":"2024-03-01T08:00:06.894Z","dateUpdated":"2024-03-01T08:00:08.007Z","folderId":null,"pageName":"Login Template","serverPageId":null,"sectionCount":1,"status":2,"backwardUrl":null},{"id":283003364,"title":"Page Password Template","order":8,"templateKey":"password","customTemplate":false,"customTemplateFilename":null,"pageLinks":[],"dateCreated":"2024-03-01T08:00:07.034Z","dateUpdated":"2024-03-01T08:00:08.007Z","folderId":null,"pageName":"Page Password Template","serverPageId":null,"sectionCount":1,"status":2,"backwardUrl":null},{"id":43021514,"title":"404 Not Found Template","order":9,"templateKey":"404","customTemplate":false,"customTemplateFilename":null,"pageLinks":[],"dateCreated":"2024-03-01T08:00:07.167Z","dateUpdated":"2024-03-01T08:00:08.007Z","folderId":null,"pageName":"404 Not Found Template","serverPageId":null,"sectionCount":1,"status":2,"backwardUrl":null},{"id":36525897,"title":"Thank You Page Template","order":10,"templateKey":"ThankYou","customTemplate":false,"customTemplateFilename":null,"pageLinks":[],"dateCreated":"2024-03-01T08:00:07.285Z","dateUpdated":"2024-03-01T08:00:08.008Z","folderId":null,"pageName":"Thank You Page Template","serverPageId":null,"sectionCount":1,"status":2,"backwardUrl":null},{"id":448407426,"title":"Pricing","order":50,"templateKey":null,"customTemplate":false,"customTemplateFilename":null,"pageLinks":[],"dateCreated":"2024-03-01T08:00:08.991Z","dateUpdated":"2024-03-01T08:01:03.740Z","folderId":null,"pageName":"Pricing_448407426","serverPageId":null,"sectionCount":1,"status":2,"backwardUrl":null},{"id":86980374,"title":"Features","order":100,"templateKey":null,"customTemplate":false,"customTemplateFilename":null,"pageLinks":[],"dateCreated":"2024-03-01T08:00:07.413Z","dateUpdated":"2024-03-01T08:00:08.008Z","folderId":null,"pageName":"Features_86980374","serverPageId":null,"sectionCount":1,"status":2,"backwardUrl":null},{"id":43392233,"title":"LearnSupport","order":101,"templateKey":null,"customTemplate":false,"customTemplateFilename":null,"pageLinks":[],"dateCreated":"2024-03-01T08:00:07.488Z","dateUpdated":"2024-03-01T08:00:08.008Z","folderId":null,"pageName":"LearnSupport_43392233","serverPageId":null,"sectionCount":1,"status":2,"backwardUrl":null},{"id":2129107922,"title":"For Small Businesses","order":102,"templateKey":null,"customTemplate":false,"customTemplateFilename":null,"pageLinks":[],"dateCreated":"2024-03-01T08:01:16.655Z","dateUpdated":"2024-03-01T08:02:59.180Z","folderId":null,"pageName":"For Small Businesses_2129107922","serverPageId":null,"sectionCount":2,"status":2,"backwardUrl":null},{"id":944012175,"title":"Page 2","order":103,"templateKey":null,"customTemplate":false,"customTemplateFilename":null,"pageLinks":[],"dateCreated":"2024-03-01T08:12:45.859Z","dateUpdated":"2024-03-01T08:24:01.151Z","folderId":null,"pageName":"Page 2_944012175","serverPageId":null,"sectionCount":10,"status":2,"backwardUrl":null},{"id":1674008862,"title":"Home","order":104,"templateKey":null,"customTemplate":false,"customTemplateFilename":null,"pageLinks":[],"dateCreated":"2024-03-01T08:26:29.463Z","dateUpdated":"2024-03-05T02:55:37.722Z","folderId":null,"pageName":"Home_1674008862","serverPageId":null,"sectionCount":9,"status":2,"backwardUrl":null}]